ts	pid	rss_kb	vsz_kb
01:40:32	18323	1616	435299392
01:40:32	18327	1264	435299552
01:40:32	18321	1696	435300896
01:40:33	18323	1616	435299392
01:40:33	18327	1264	435299552
01:40:33	18321	1696	435300896
01:40:34	18323	1616	435299392
01:40:34	18327	1264	435299552
01:40:34	18321	1696	435300896
01:40:35	18323	1616	435299392
01:40:35	18327	1264	435299552
01:40:35	18321	1696	435300896
01:40:36	18323	1616	435299392
01:40:36	18327	1264	435299552
01:40:36	18321	1696	435300896
01:40:37	18323	1600	435299392
01:40:37	18327	1248	435299552
01:40:37	18321	1680	435300896
01:40:38	18323	1600	435299392
01:40:38	18327	1248	435299552
01:40:38	18321	1680	435300896
01:40:39	18323	1600	435299392
01:40:39	18327	1248	435299552
01:40:39	18321	1680	435300896
01:40:40	18323	1600	435299392
01:40:40	18327	1248	435299552
01:40:40	18321	1680	435300896
01:40:41	18323	1600	435299392
01:40:41	18327	1248	435299552
01:40:41	18321	1680	435300896
01:40:42	18323	1600	435299392
01:40:42	18327	1248	435299552
01:40:42	18321	1680	435300896
