1783358292	1520
1783358297	4571088
1783358302	8097696
1783358307	5570032
1783358312	4298640
1783358317	4649888
1783358322	3824176
1783358327	5409248
1783358332	4513232
1783358337	5938704
1783358342	7497408
1783358348	6671504
1783358353	4677840
1783358358	3911280
1783358363	5672448
1783358368	4372160
1783358373	9966448
1783358378	4658896
1783358383	4276288
1783358388	7603968
1783358393	10141120
1783358398	2760800
1783358403	4799376
1783358408	8743408
1783358413	3921024
1783358418	3337920
1783358423	7163040
1783358428	11384144
1783358433	4148672
1783358439	6162896
1783358444	9485536
1783358449	6439328
1783358454	4573808
1783358459	6032464
1783358464	7782560
1783358469	7078224
1783358474	8096800
1783358479	10935760
1783358484	4270016
1783358489	5516944
1783358495	8425536
1783358500	11874416
1783358505	2729968
1783358510	7248960
1783358515	8532064
1783358520	11348368
1783358526	4387760
1783358531	6278304
1783358536	10398400
1783358541	2737792
1783358546	6466624
1783358551	9620160
1783358556	9372032
1783358561	3202976
1783358566	5306736
1783358571	9425568
1783358576	4218176
1783358581	5165504
1783358586	6054864
1783358591	6808352
1783358596	9437488
1783358601	4353552
1783358606	5441056
1783358611	6650672
1783358617	8362944
1783358622	5393760
1783358627	7091472
1783358632	10809872
1783358637	3405600
1783358642	6808720
1783358647	4086064
1783358652	6073648
1783358657	5544288
1783358662	11375168
1783358667	4858544
1783358672	4553680
1783358677	10209568
1783358682	5144160
1783358687	7260272
1783358692	9117616
1783358697	5632144
1783358702	5105568
1783358707	10184432
1783358710	5111184
1783358715	3134672
1783358720	5982736
1783358725	6803200
1783358730	8339648
1783358736	5960992
1783358741	9314704
1783358746	10552544
1783358751	4411648
1783358756	7917072
1783358761	3563056
1783358766	5665984
1783358771	7105872
1783358776	10507280
1783358781	5526432
1783358787	7430784
1783358792	5352512
1783358797	11541360
1783358802	2509440
1783358807	6337712
1783358812	10232624
1783358817	9290928
1783358822	4286752
1783358827	5437776
1783358832	10910496
1783358837	3466352
1783358842	6756832
1783358847	10432400
1783358852	5948752
1783358857	4466448
1783358862	6743488
1783358868	10133264
1783358873	5696592
1783358878	6721712
1783358883	9830064
1783358888	3823856
1783358893	6112976
1783358898	4371120
1783358903	8922784
1783358908	11973440
1783358913	4602624
1783358918	7682224
1783358923	4643616
1783358928	8912352
1783358933	4100432
1783358938	8413904
1783358943	11136864
1783358949	6961360
1783358954	4649584
1783358959	6278752
1783358964	4577600
1783358969	5698896
1783358974	10743024
1783358979	6879440
1783358984	4849392
1783358989	5042912
1783358994	8379856
1783358999	4762272
1783359004	3690816
1783359009	7584976
1783359014	11480304
1783359019	12099264
1783359024	4539760
1783359029	6794032
1783359034	3981040
1783359039	1584544
1783359044	8244464
1783359049	10505520
1783359054	10531936
1783359059	4059360
1783359064	6961552
1783359070	4584352
1783359075	2606848
1783359080	7184896
1783359085	12068368
1783359090	5177264
1783359095	5094240
1783359100	8231824
1783359105	13449360
1783359110	5274784
1783359115	7028928
1783359120	4915664
1783359125	4959440
1783359130	10048736
1783359135	5611696
1783359140	8381680
1783359145	4799984
1783359150	5645872
1783359155	6516480
1783359160	5583792
1783359165	7687104
1783359170	8522752
1783359175	10561456
1783359180	6497744
1783359186	11047344
1783359191	7510512
1783359196	10278400
1783359201	2057232
1783359206	5015504
1783359211	5756496
1783359216	5854224
1783359221	5276656
1783359226	3494592
1783359231	5108240
1783359236	8679824
1783359241	11196896
1783359246	7931456
1783359251	4084064
1783359256	4630544
1783359261	3756832
1783359266	4369984
1783359271	5534192
1783359276	4390256
1783359281	8899376
1783359286	8433808
1783359291	12459088
1783359296	12223424
1783359302	8094016
1783359307	4701488
1783359312	5014288
1783359317	8256432
1783359322	8606224
1783359327	10664224
1783359332	10452928
1783359337	10667056
1783359342	13185104
1783359347	4301504
1783359352	4892960
1783359357	6983520
1783359362	8024688
1783359367	4000784
1783359372	7182352
1783359378	6457136
1783359383	10446528
1783359388	3054208
1783359393	5447168
1783359398	2122176
1783359403	5594352
1783359408	10101184
1783359413	8077040
1783359418	4716656
1783359423	6968464
1783359428	6569120
1783359433	10094896
1783359438	10818000
1783359443	10403168
1783359448	10167648
1783359453	12255200
1783359459	5076560
1783359464	5892448
1783359469	6970048
1783359474	8448320
1783359479	4883232
1783359484	8551008
1783359489	11181088
1783359494	11064352
1783359499	3848592
1783359504	5919824
1783359509	6218112
1783359514	5219712
1783359519	10221600
1783359524	7436320
1783359529	2403120
1783359534	8270288
1783359539	6076336
1783359544	11284464
1783359549	10790448
1783359554	2524976
1783359559	6344912
1783359565	4248544
1783359570	5854304
1783359575	10744384
1783359580	4515664
1783359585	4785712
1783359590	5716528
1783359595	10671216
1783359600	4996080
1783359605	6103488
1783359610	5146000
1783359615	5350144
1783359620	5672800
1783359625	3383936
1783359631	4470400
1783359636	3381056
1783359641	7693488
1783359646	9718832
1783359651	5006496
1783359656	2831584
1783359661	8026512
1783359666	7572848
1783359673	7252992
1783359678	6591872
1783359684	4827072
1783359689	8875376
1783359694	6989232
1783359699	4294256
1783359704	4385744
1783359709	4527040
1783359714	5024960
1783359719	6835248
1783359724	4384688
1783359729	8140096
1783359734	4157728
1783359739	9481616
1783359744	8858080
1783359749	4250064
1783359754	2157344
1783359759	7485920
1783359764	10533504
1783359769	6071152
1783359774	8264944
1783359779	4468144
1783359784	3837296
1783359789	5804976
1783359795	9430288
1783359800	4937920
1783359805	5109552
1783359810	4087824
1783359815	8351328
1783359820	10857568
1783359825	4448368
1783359830	2894096
1783359835	5856512
1783359840	6678032
1783359846	2969552
1783359851	8389232
1783359856	2641360
1783359861	5041280
1783359866	9557088
1783359871	9084080
1783359876	1929136
1783359881	7001488
1783359886	7917072
1783359891	10650592
1783359897	5018080
1783359902	7241168
1783359907	6323776
1783359912	9154704
1783359917	8546592
1783359922	4779152
1783359927	5139792
1783359933	8060384
1783359938	9173968
1783359943	10437072
1783359948	4613312
1783359953	6037280
1783359958	6378864
1783359963	3991424
1783359968	8322912
1783359973	9534752
1783359978	4936400
1783359983	7853392
1783359988	5700576
1783359993	10926336
1783359998	5848512
1783360003	6238544
1783360009	8150240
1783360014	4778784
1783360019	9004240
1783360024	4425264
1783360029	2058448
1783360034	8257424
1783360039	7922208
1783360044	7378544
1783360049	5635024
1783360054	9904448
1783360060	5330064
1783360065	9369200
1783360070	5194192
1783360075	5114432
1783360080	8038144
1783360085	4676816
1783360090	3745824
1783360095	8439792
1783360100	4712560
1783360105	6283664
1783360110	9765248
1783360115	5009296
1783360120	8078688
1783360125	5885808
1783360130	5055184
1783360135	10350288
1783360140	4096960
1783360145	5114000
1783360151	9986272
1783360156	5340560
1783360161	8567232
1783360166	2405472
1783360171	8677824
1783360176	8325104
1783360181	7738000
1783360186	5046016
1783360191	6033504
1783360196	4809216
1783360201	5899536
1783360206	8591776
1783360211	5147472
1783360217	4695344
1783360222	6037600
1783360227	11847872
1783360232	3278080
1783360237	7968112
1783360242	4982656
1783360247	7529072
1783360252	9779968
1783360257	13324768
1783360262	11185408
1783360267	14588768
1783360272	14191600
1783360277	3792496
1783360282	8202640
1783360287	7319200
1783360292	10949888
1783360297	11586272
1783360302	4231008
1783360307	8462192
1783360312	7234512
1783360317	10907408
1783360322	10929312
1783360327	4947776
1783360332	1701184
1783360337	7298368
1783360342	8865104
1783360347	5250864
1783360353	2875968
1783360358	9029264
1783360363	12907408
1783360368	10871488
1783360373	4374464
1783360378	3515488
1783360383	8722000
1783360388	10146000
1783360393	5403920
1783360399	5913024
1783360404	5592000
1783360409	9132944
1783360414	5235456
1783360419	4506992
1783360424	5554064
1783360429	5218512
1783360434	8719408
1783360439	5921744
1783360444	4348224
1783360449	4133760
1783360454	2363984
1783360459	7425280
1783360464	11206144
1783360469	12752672
1783360474	5089440
1783360480	9652064
1783360485	5448960
1783360490	11130592
1783360495	12843968
1783360500	4405888
1783360505	6569120
1783360510	7139872
1783360515	11219248
1783360520	10771104
1783360525	6097088
1783360531	6076400
1783360536	5992608
1783360541	8659824
1783360546	13490368
1783360551	4594624
1783360556	1971376
1783360561	6938688
1783360566	10196640
1783360571	4500736
1783360576	5016128
1783360581	5695312
1783360586	9845584
1783360591	11413568
1783360596	4445696
1783360602	9537040
1783360607	5874448
1783360612	9411440
1783360617	10447536
1783360622	11146672
1783360627	13169104
1783360632	13411824
1783360637	9296176
1783360642	4936080
1783360647	7033376
1783360652	4068688
1783360657	6702416
1783360662	5950112
1783360668	6979440
1783360673	9523936
1783360678	11978816
1783360683	4875328
1783360688	4879280
1783360693	6898064
1783360698	11432448
1783360703	9064928
1783360708	11434832
1783360713	4588576
1783360718	5635184
1783360723	2827184
1783360728	6492928
1783360733	5091696
1783360738	5324208
1783360743	10226656
1783360748	9771360
1783360753	8613120
1783360758	11173120
1783360763	5252000
1783360769	5273552
1783360774	5858656
1783360779	5528096
1783360784	4066000
1783360789	5059472
1783360794	4516192
1783360799	6527872
1783360804	10154752
1783360809	7780384
1783360814	9953280
1783360819	8747760
1783360824	9495120
1783360830	4451088
1783360835	5495088
1783360840	11248608
1783360845	13714288
1783360850	5203808
1783360855	3623792
1783360860	8228384
1783360865	11538992
1783360870	6414400
1783360875	4425840
1783360880	5403232
1783360885	8923968
1783360890	9098960
1783360895	9138144
1783360900	11067392
1783360905	9244208
1783360910	12588864
1783360915	5415632
1783360921	5215440
1783360926	6126640
1783360931	2465616
1783360936	8457456
1783360941	5121168
1783360946	5617392
1783360951	10284720
1783360956	2875952
1783360961	7571776
1783360966	5279712
1783360971	8347280
1783360976	10674464
1783360981	4952064
1783360986	3673072
1783360991	8812160
1783360996	7048912
1783361001	9559776
1783361006	5045248
1783361011	3994928
1783361016	5700432
1783361021	11244672
1783361027	5256576
1783361032	3132272
1783361037	7901104
1783361042	5255152
1783361047	6557312
1783361052	5958816
1783361057	8452496
1783361062	3049008
1783361067	6486816
1783361073	11620608
1783361078	3990576
1783361083	5068352
1783361088	1714288
1783361093	6956464
1783361098	12881424
1783361103	12052976
1783361108	2914624
1783361113	10688896
1783361118	9232464
1783361123	9592112
1783361128	3193680
1783361133	6676832
1783361138	10350080
1783361143	9010000
1783361148	9756960
1783361154	5291072
1783361159	8505488
1783361164	4066688
1783361169	7567872
1783361174	8486208
1783361179	6943536
1783361184	13859696
1783361189	6316208
1783361194	9271584
1783361199	7189008
1783361204	11269792
1783361209	4840464
1783361214	5642128
1783361219	3334816
1783361224	8008640
1783361229	5422272
1783361234	5129152
1783361239	6377760
1783361244	6634144
1783361249	11528944
1783361254	9902800
1783361259	6411232
1783361264	10572640
1783361269	4314736
1783361274	4314784
1783361279	4314720
1783361284	4314720
1783361290	4576864
1783361295	4576864
1783361300	4578064
1783361305	4934880
1783361310	4934880
1783361315	4934848
1783361320	4934848
1783361325	4934848
1783361330	4934848
1783361335	4934848
1783361340	7376432
1783361345	7376432
1783361350	7376432
1783361355	7376432
1783361360	7376432
1783361365	7376432
1783361370	7376432
1783361375	7376432
1783361380	7450160
1783361385	7581232
1783361390	7581232
1783361395	8469072
1783361400	10911856
1783361405	4685184
1783361410	4859584
1783361415	4940816
1783361420	5273344
1783361426	5303936
1783361431	5523712
1783361436	5633584
1783361441	5086896
1783361446	5158576
1783361451	4356880
1783361456	3203136
1783361461	4131056
1783361466	4634224
1783361471	4884688
1783361476	4543856
1783361481	4552224
1783361486	4507008
1783361491	4731680
1783361496	4662544
1783361501	4796784
1783361507	4434720
1783361512	4690064
1783361517	4404192
1783361522	2768416
1783361527	1552624
1783361532	1496272
1783361537	1812112
1783361542	1538016
1783361547	3886416
1783361552	5565776
1783361557	5489552
1783361562	5724048
1783361567	5511856
1783361572	5984464
1783361578	5918032
1783361583	5528704
1783361588	5534960
1783361593	5231904
1783361598	5430912
1783361603	5293264
1783361608	5123056
1783361613	5168720
1783361618	5100224
1783361623	5243792
1783361628	5268512
1783361633	5032480
1783361638	5092896
1783361643	4957936
1783361648	4957520
1783361653	4919792
1783361658	5056064
1783361663	5428784
1783361668	5730832
1783361673	5883344
1783361679	6178096
1783361684	5677248
1783361689	5356784
1783361694	5603936
1783361699	5245504
1783361704	5059776
1783361709	3579216
1783361714	4710224
1783361719	4797616
1783361724	4833184
1783361729	4922288
1783361734	4930000
1783361739	5204784
1783361744	5142752
1783361749	5201968
1783361754	5414656
1783361759	5542240
1783361765	5665152
1783361770	4961152
1783361775	7359312
1783361780	9442432
1783361785	6188592
1783361790	5071248
1783361795	5098208
1783361800	3451856
1783361805	4088976
1783361810	4078576
1783361815	4459152
1783361821	4592272
1783361826	4656576
1783361831	4515904
1783361836	4600704
1783361841	5045760
1783361846	5689504
1783361851	3671136
1783361856	13047072
1783361861	5656448
1783361866	4846832
1783361871	5135984
1783361876	5275120
1783361882	4761712
1783361887	4612080
1783361892	4589984
1783361897	4224256
1783361902	2028064
1783361907	6582160
1783361912	6117360
1783361917	5806784
1783361923	5532832
1783361928	6066816
1783361933	6433280
1783361939	5207936
1783361944	5147088
1783361949	6915168
1783361954	5099136
1783361959	5494320
1783361964	5395488
1783361969	5211248
1783361974	5278256
1783361979	5141648
1783361984	4307312
1783361989	5067904
1783361994	5012208
1783361999	4953856
1783362004	5076000
1783362009	5148208
1783362014	5165792
1783362019	4443056
1783362024	5155872
1783362029	2058384
1783362034	1527168
1783362039	4898496
1783362045	5232736
1783362050	5156736
1783362055	4873440
1783362060	160
