run	mode	prove_ms	prove_min	proof_bytes	peak_gb	accepted	cycles	verdict
M5	plum-execute-syscall-l80	NA	NA	NA	7.09	true	123372417	OK
A2e	leakage-execute-N20	NA	NA	NA	7.69	true	123827404	FINDING(leak-located)
C1e	cell1-emulated-prove	NA	NA	NA	13.62	false	NA	FINDING(bound)
R7e	cregen-emulated-prove	NA	NA	NA	13.75	false	NA	FINDING(bound)
R8e	showcre-k1-emulated-prove	NA	NA	NA	13.63	false	NA	FINDING(bound)
KFMT	keystone-fmt-matched-field-execute	NA	NA	NA	7.75	true	3121.0930	OK
C2.run1	cell2-syscall-prove	866465	14.44	NA	12.91	true	123372417	OK
C2.run2	cell2-syscall-prove	850692	14.18	NA	13.80	true	NA	OK
C2.run3	cell2-syscall-prove	849426	14.16	NA	13.37	true	NA	OK
C2.run4	cell2-syscall-prove	850973	14.18	NA	13.19	true	NA	OK
C2.run5	cell2-syscall-prove	855438	14.26	NA	15.09	true	NA	OK
C3.run1	cell3-sha3-prove	799447	13.32	NA	14.92	true	110798116	OK
C3.run2	cell3-sha3-prove	802815	13.38	NA	14.31	true	NA	OK
C3.run3	cell3-sha3-prove	791357	13.19	NA	13.99	true	NA	OK
C3.run4	cell3-sha3-prove	780924	13.02	NA	14.84	true	NA	OK
C3.run5	cell3-sha3-prove	798516	13.31	NA	14.12	true	NA	OK
CG	cregen-syscall-prove	4137423	68.96	1473690434	13.21	true	289221111	OK
S1	showcre-k1-syscall-prove	6200184	103.34	2195116844	12.36	true	433087189	OK
S2	showcre-k2-syscall-prove	8209063	136.82	2911822343	13.83	true	575089654	OK
A2p	leakage-prove-N3	856241	14.27	154665328	14.52	true	NA	OK
