epoch	tree_rss_kb
1783278916	2576
1783278921	4667952
1783278926	8071120
1783278932	13719088
1783278937	7532576
1783278942	4676080
1783278947	3760304
1783278952	6569312
1783278957	5576000
1783278962	4948960
1783278967	4701424
1783278972	10745696
1783278977	4587568
1783278982	4398096
1783278987	4575120
1783278992	7941248
1783278997	5386768
1783279002	4639440
1783279008	10284720
1783279013	11498688
1783279018	4692432
1783279023	6514208
1783279028	8537856
1783279033	5963008
1783279038	4319024
1783279043	8167968
1783279048	14297712
1783279053	2891088
1783279058	7066432
1783279063	4384384
1783279068	4292160
1783279073	6933392
1783279078	11169696
1783279083	5556176
1783279088	6975600
1783279093	4542224
1783279098	5474976
1783279103	5037088
1783279109	3661472
1783279114	7608880
1783279119	6176176
1783279124	7149488
1783279129	3498304
1783279134	6139728
1783279139	4897856
1783279144	5133904
1783279149	10387520
1783279154	3424416
1783279159	6130480
1783279164	6627264
1783279169	10020224
1783279174	6023808
1783279179	6061392
1783279184	10206480
1783279189	5379872
1783279194	8723792
1783279199	8420864
1783279204	6388112
1783279209	5368832
1783279214	2979856
1783279219	6382096
1783279224	10723968
1783279229	9019808
1783279235	10866384
1783279240	13624480
1783279245	6400000
1783279250	4254544
1783279255	4574016
1783279260	8666304
1783279265	3607520
1783279270	2835344
1783279275	5008352
1783279280	4775904
1783279285	2832160
1783279290	3804208
1783279295	8997552
1783279300	4331328
1783279305	3813216
1783279310	6708320
1783279315	4388432
1783279320	6948896
1783279326	8945024
1783279331	9542832
1783279336	13635392
1783279341	5249168
1783279346	5424496
1783279351	8934608
1783279356	8813808
1783279361	5057680
1783279366	7845312
1783279371	12298240
1783279376	4798624
1783279381	7838400
1783279387	11205424
1783279392	5611664
1783279397	6194832
1783279402	10016400
1783279407	6990176
1783279412	5666672
1783279417	9800944
1783279422	3264896
1783279427	7503696
1783279432	3929168
1783279437	6705136
1783279442	5592736
1783279447	4655872
1783279452	6366704
1783279457	5050480
1783279462	2824080
1783279467	4727344
1783279472	7505328
1783279477	7550288
1783279482	5077376
1783279487	10700384
1783279492	14427136
1783279497	4217920
1783279502	4956800
1783279507	10854640
1783279513	8993280
1783279518	11964704
1783279523	15643936
1783279528	5271680
1783279533	3120864
1783279538	6485792
1783279543	9849552
1783279548	7810176
1783279553	8867232
1783279558	14093360
1783279563	5137664
1783279568	5530672
1783279573	8814432
1783279578	5988112
1783279583	4094128
1783279588	9006768
1783279593	14068320
1783279598	5509920
1783279603	6818656
1783279608	5904272
1783279613	6817008
1783279618	3967808
1783279623	8908064
1783279629	11618448
1783279634	7402192
1783279639	6387296
1783279644	10755552
1783279649	7806288
1783279654	11166960
1783279659	13555712
1783279664	5161440
1783279669	6784512
1783279674	9720880
1783279679	5023392
1783279684	6336016
1783279689	8515280
1783279694	6750864
1783279700	6530752
1783279705	5961664
1783279710	8794560
1783279715	5553440
1783279720	5038752
1783279725	3594176
